{
    "n_estimators": 300,
    "max_depth": 5,
    "learning_rate": 0.010768866657979716,
    "subsample": 0.8986306063728571,
    "feature_fraction": 0.8486476055073824,
    "reg_alpha": 0.6039304701452956,
    "reg_lambda": 0.06476253704492474,
    "min_child_samples": 50,
    "num_leaves": 77
}