{
    "n_estimators": 78,
    "max_depth": 5,
    "learning_rate": 0.04263822198280162,
    "subsample": 0.8822621793992009,
    "feature_fraction": 0.8710509462500188,
    "reg_alpha": 0.6779016408714649,
    "reg_lambda": 0.4011092303350372,
    "min_child_samples": 11,
    "num_leaves": 64
}